iter	F1	Logloss
0	0.9643336998	0.6330243005
1	0.9643336998	0.5812659763
2	0.9645104148	0.5304957231
3	0.9685871759	0.5007645423
4	0.9731888882	0.459570261
5	0.9734245414	0.4261307471
6	0.9728944821	0.4060966585
7	0.9728944821	0.3817311877
8	0.9728650513	0.3630449922
9	0.9730122232	0.3442131466
